{"api-examples.md":"R7VenGuu","case_index.md":"Bz-KRi6z","index.md":"B3NzHHLa","markdown-examples.md":"DPiOErb6","plugin_detail.md":"CHSytHoa","plugin_index.md":"DFCxl7S2","plugindevdocs_anno.md":"Dyy0fJco","plugindevdocs_codegen.md":"CNVH3YbF","plugindevdocs_createpage.md":"DHfXZ8jt","plugindevdocs_demo.md":"Dsoz79V7","plugindevdocs_directive.md":"BCCaNzXW","plugindevdocs_index.md":"BQE6ieNb","plugindevdocs_intercept.md":"BmUOzvb_","plugindevdocs_javastart.md":"CvHM9G3H","plugindevdocs_life.md":"BW6Vi3UE","plugindevdocs_package.md":"B3J3X9yZ","plugindevdocs_pagedev.md":"CYdO5Aqz","plugindevdocs_post.md":"DBOV-pzt","plugindevdocs_proxy.md":"BhWZPXVA","plugindevdocs_sql.md":"midQgkYM","plugindevdocs_uistart.md":"suLFRtT9","plugindevdocs_websocket.md":"Cuslt3yK","theme_detail.md":"58NR-xeL","theme_index.md":"D5hKug6c","themedevdocs_api.md":"ml0Gf2N3","themedevdocs_archive.md":"CwZgMe22","themedevdocs_article.md":"DIGZmH-1","themedevdocs_category.md":"B_Uzi_dp","themedevdocs_comment.md":"CSzi0Q-8","themedevdocs_grammar.md":"CTHfycE2","themedevdocs_index.md":"JnH72ZHH","themedevdocs_journal.md":"CqtrFNet","themedevdocs_link.md":"DELVVRYR","themedevdocs_loginuser.md":"icCPRXAx","themedevdocs_menu.md":"rx4Dt2El","themedevdocs_method.md":"_oklVcTZ","themedevdocs_package.md":"v97MbDud","themedevdocs_page.md":"4EYXEDq5","themedevdocs_post.md":"NZJ7zBIB","themedevdocs_search.md":"CkK2Xz0v","themedevdocs_setting.md":"B-RrOtcR","themedevdocs_systemsetting.md":"C2s3HGeL","themedevdocs_tag.md":"Gaix_ASG","themedevdocs_variable.md":"CS2VnZ7u","themedevdocs_vue.md":"BxNRFiQA","usedocs_attach.md":"BhnAU5gq","usedocs_dir.md":"Bazvd_lj","usedocs_docker.md":"CfL2c10N","usedocs_dockercompose.md":"D90ajgkK","usedocs_email.md":"DRIjGFiL","usedocs_index.md":"CHMUDRmM","usedocs_jar.md":"DLVM02XM","usedocs_menu.md":"BhBWT7aR","usedocs_page.md":"Dly4_DaS","usedocs_permission.md":"qjqjQG_R","usedocs_plugins.md":"CfWx_ozB","usedocs_setting.md":"CRfuAtjC","usedocs_themes.md":"CeYVocC9","usedocs_update.md":"TQtf1c7o"}
